"id","price"
1,303682.449440083
2,948858.76838704
3,330850.747389783
4,607127.582806107
5,439346.871674911
6,538444.90355646
7,787441.905221506
8,342352.867826977
9,207326.826180877
10,712991.639720374
11,293645.780191585
12,274179.785094929
13,242752.835588727
14,342094.664566053
15,531699.370750951
16,814727.220922806
17,804452.647625024
18,416944.348586131
19,678435.341567493
20,286345.763650413
21,910637.911008222
22,158279.773779107
23,243456.937233419
24,427414.066192315
25,782021.149408179
26,291895.721248855
27,1089864.16263164
28,422118.615192967
29,223857.301536707
30,333410.5191087
31,138837.307476335
32,921202.654456913
33,700590.204226651
34,144211.060521633
35,225399.843504506
36,425832.607611783
37,138729.9913303
38,1123837.71355922
39,1138843.18070846
40,257865.492552465
41,513915.526596039
42,570936.350558657
43,242571.105415415
44,375412.292182474
45,137194.496771574
46,1283614.29717744
47,883806.424153561
48,566937.179711672
49,334658.949401125
50,819119.354046072
51,362587.140311447
52,392325.792413499
53,1323159.98965761
54,1344033.06076091
55,549658.219902731
56,531451.155715306
57,133927.087386479
58,304953.571818879
59,924608.319979037
60,478857.366615067
61,1044932.49840239
62,641417.002920092
63,351315.258225143
64,560033.976696096
65,468732.076720937
66,178231.14161587
67,59211.9755411532
68,945421.548060577
69,693629.822396165
70,513682.785468874
71,919042.442437814
72,905088.407460733
73,350842.942059221
74,499852.149395432
75,396803.998368991
76,1015987.67299334
77,422728.524925717
78,637278.680882433
79,264604.14436427
80,1473994.78705903
81,664140.45816241
82,460930.742911592
83,236967.4786739
84,476040.385670567
85,653792.406671611
86,743718.202167191
87,520960.087882851
88,420224.117109823
89,1268364.32439011
90,1123625.67192561
91,801148.283547997
92,196709.17818862
93,58340.1478312091
94,263207.8057836
95,185620.174954385
96,524404.09100999
97,249294.283893392
98,488688.844544874
99,347788.853636995
100,234166.158762297
101,1309571.12137772
102,393592.953898714
103,389376.238674854
104,649586.547583226
105,536355.443799486
106,880646.166116811
107,183471.75066738
108,263053.132454204
109,1627559.77807861
110,219846.823429381
111,1774605.57357736
112,134631.44935681
113,296928.209865045
114,333220.010284203
115,1694251.68655553
116,398326.34693078
117,1639939.06725656
118,83417.6036652654
119,345968.192834203
120,614310.977480458
121,229365.382682989
122,228907.621308991
123,303480.541676589
124,1030939.39103781
125,254709.300039082
126,386837.897575412
127,982120.760198456
128,1196736.08112634
129,367258.653363949
130,673262.448513207
131,531798.269567985
132,632335.029846542
133,305446.773983989
134,310990.20431186
135,736965.689382784
136,428240.393641227
137,1098243.55628097
138,190000.437625771
139,488531.546039271
140,290470.207104151
141,498518.38980118
142,1112655.85324495
143,444077.145183757
144,385510.586507333
145,713413.750336723
146,753340.433221529
147,185874.210140844
148,276722.557104299
149,610731.621182505
150,253577.90102083
151,216702.720914229
152,290892.566893696
153,227978.440278177
154,1013520.73758462
155,640032.270600281
156,321115.27060931
157,554877.780540914
158,476321.824944198
159,624171.614633455
160,1012128.26653617
161,1457565.85309561
162,776692.277687204
163,280823.268003075
164,1183202.37447507
165,423106.738773325
166,545861.091518054
167,241541.992474535
168,493295.440581848
169,237671.873086601
170,175197.533718154
171,448293.439850602
172,659606.432237309
173,316935.700048028
174,354807.851856794
175,311369.854750962
176,258263.291720369
177,350918.704259541
178,247381.525898304
179,442328.388964648
180,116072.825409401
181,565991.507917256
182,218671.381996487
183,1411790.78925596
184,843330.476334743
185,862269.154243129
186,1343113.74136612
187,247749.571829254
188,511723.018555111
189,217279.898604486
190,446258.782979066
191,152289.557151279
192,625206.917212877
193,216397.341203929
194,290810.672228283
195,274415.208700174
196,365092.870161253
197,174682.451382354
198,207967.418309582
199,426754.377595822
200,149099.415975679
201,357290.112258157
202,206995.485964395
203,115753.805906062
204,249829.914419837
205,552355.887664593
206,282846.3269224
207,341521.381658125
208,184037.938381981
209,542261.215910673
210,283665.024283557
211,100023.864654013
212,593067.740274924
213,429600.733269199
214,630856.898529733
215,759731.565184448
216,224181.300271214
217,719326.525990958
218,199557.002096297
219,252663.954188964
220,362649.169970489
221,254120.025930999
222,789599.684700762
223,255962.163807347
224,103559.406666772
225,352903.844469395
226,98420.5675385225
227,993787.412142519
228,576539.588758017
229,455333.899977207
230,862969.244382979
231,302789.521314725
232,287820.741234788
233,386535.512350887
234,417384.232132835
235,77361.0689221059
236,410985.375089112
237,518600.36084014
238,542048.548165787
239,402566.030265491
240,847962.93347869
241,377919.333205112
242,443292.459842724
243,500361.222528932
244,377451.17691705
245,711836.621701942
246,639434.179347908
247,242928.362302598
248,179435.566810535
249,352105.656385005
250,1008310.56362014
251,882655.782550118
252,442243.249028667
253,398832.003532156
254,401164.838562566
255,212984.870894245
256,398470.14190316
257,170593.983362145
258,551485.850413514
259,521487.258858731
260,358965.1083427
261,1111931.8772527
262,605559.958547684
263,291824.094199616
264,543666.843369783
265,578064.390674923
266,668030.381111224
267,479703.576606795
268,534672.421247093
269,542947.691299004
270,617461.877837489
271,755433.321060293
272,352331.090977434
273,132497.022979818
274,967224.722831118
275,751828.706700556
276,544316.099459176
277,416274.827102261
278,223356.01055349
279,708040.627140743
280,334489.720804619
281,842935.65108556
282,307581.804272813
283,662203.044998161
284,244141.004641058
285,857381.297012345
286,578805.59686331
287,660055.687267952
288,1392308.23942834
289,263878.679451673
290,570955.603062109
291,206545.474397478
292,340647.774670889
293,532756.77105352
294,908327.600669344
295,746808.302808617
296,311234.749064942
297,844528.907578739
298,167922.508785901
299,616907.780457607
300,982826.345529378
301,298017.068171606
302,364948.147550732
303,843399.498544469
304,895393.673834737
305,472397.229555702
306,1316184.77951577
307,500344.122514838
308,298367.427244233
309,493786.598448242
310,508641.657922083
311,490177.62310404
312,820107.277349641
313,89671.4739596642
314,525925.523491985
315,992234.311772187
316,1608449.74654324
317,456197.289847133
318,246087.67105356
319,1002805.75053256
320,484852.226071135
321,670874.523405407
322,576350.616278971
323,240772.904406397
324,231480.652474459
325,565532.890683645
326,308824.810203393
327,620120.645465893
328,444349.10891328
329,254232.536593223
330,928206.54547314
331,446028.196381206
332,522535.273742721
333,1063988.38728477
334,494410.045428819
335,451243.373853785
336,260244.307070855
337,882639.470245326
338,700754.105603635
339,387460.924200864
340,648309.506743269
341,203002.963865576
342,417411.289534833
343,245511.516996927
344,201067.675440945
345,235251.055241419
346,341268.925015726
347,193502.455850041
348,333503.125975879
349,546128.645446977
350,464776.318313561
351,283691.78191068
352,460662.970365253
353,321628.68592582
354,528450.827747818
355,360851.84980602
356,430552.791637488
357,465330.546371794
358,403674.061258631
359,264777.302313983
360,377667.253263948
361,452752.323489919
362,1107631.77340633
363,1628412.08957358
364,492261.523072982
365,132130.547150225
366,854178.448766741
367,420564.845537827
368,328956.412071842
369,592867.680320147
370,593483.127303007
371,310947.909133024
372,444138.641823233
373,522212.759375391
374,692685.78860795
375,414419.89266599
376,1421491.0702245
377,122674.154599819
378,734394.449790011
379,460170.665355877
380,496990.806042998
381,605922.952293796
382,851797.302426751
383,382750.268015535
384,401584.016080009
385,458580.427287761
386,475456.470091534
387,640051.008908636
388,1027464.85497715
389,312893.036050777
390,712955.678984268
391,1357942.62691248
392,621740.067646412
393,750902.071046183
394,1193617.67930155
395,586546.085215085
396,344377.762638063
397,165874.934189956
398,467901.885543136
399,675158.438685305
400,395097.545780525
401,880808.552234069
402,86390.6599332551
403,575631.611258412
404,98495.2632113736
405,247750.016016947
406,865146.000601168
407,140019.707082811
408,957671.345487451
409,676904.171880727
410,319080.485211775
411,255828.870527491
412,679243.464297795
413,333895.811391405
414,93436.6140289533
415,1135124.23068251
416,327433.48221659
417,309574.814535622
418,245960.585501288
419,331358.959575323
420,101570.633413373
421,386378.04824191
422,997644.677664653
423,226197.380212005
424,1003534.96104472
425,674687.331555387
426,502373.549669319
427,1041047.34543405
428,1184765.57057592
429,879172.380766799
430,821746.202742219
431,874681.184345801
432,412274.907942159
433,724842.924211042
434,607423.926510616
435,293287.475922626
436,802115.113861868
437,382957.951006115
438,1058658.32441131
439,564458.507364137
440,244982.522768996
441,510508.552530044
442,253847.583018066
443,712938.136147515
444,1262737.96221921
445,207914.085063071
446,400260.076513812
447,293579.182066795
448,489214.36841125
449,237146.460154265
450,690280.51171557
451,957870.524803286
452,252687.110319306
453,484521.179234431
454,468587.647441767
455,542160.482091912
456,522407.032277604
457,133250.752182369
458,696973.230098384
459,959128.260408945
460,167249.197829484
461,1111035.06303072
462,220024.535789715
463,1364450.31725989
464,711545.433939598
465,459659.262015356
466,621154.8538492
467,485011.911129368
468,264283.058931471
469,107979.587784256
470,955574.081464602
471,880503.283253043
472,239980.439589831
473,210578.294558225
474,985723.143263416
475,469623.040826528
476,474522.421940874
477,348638.960967144
478,527588.235821405
479,275775.35846803
480,460926.995284918
481,243119.816005528
482,280975.011913518
483,652152.171755997
484,940762.517033948
485,471533.214999133
486,584864.021677719
487,593359.874986387
488,1123210.88771562
489,266195.836481475
490,221159.955978396
491,473491.131217253
492,467397.120970897
493,44933.1411846272
494,269712.534433695
495,1559699.31872429
496,246432.602578079
497,378886.749686213
498,1448675.60610548
499,1034837.52459956
500,436007.683811552
501,142379.06987389
502,250277.426860714
503,334614.612516806
504,463683.889805839
505,233936.269528424
506,198577.258693139
507,75930.6690374817
508,506843.690695999
509,923890.371469839
510,661033.253608886
511,378171.872154986
512,227335.141832157
513,594045.982710593
514,805613.076518617
515,1071320.98731588
516,1410297.49367313
517,1437768.37460792
518,257910.734815779
519,74900.5519414061
520,426342.814645181
521,575323.479981112
522,367895.934706196
523,647208.478605444
524,602366.053763418
525,583148.81127602
526,220202.022091511
527,471221.535651006
528,289900.695529983
529,1052134.36731395
530,552413.657823916
531,392402.051319942
532,1138281.96630783
533,868220.638594753
534,910826.278460764
535,698456.265453737
536,475381.723356026
537,1018391.11055977
538,666883.05813264
539,272612.841306438
540,459185.090070509
541,573102.181561142
542,305494.172006315
543,403493.91734478
544,699976.736909498
545,1164435.35234318
546,283290.17533322
547,415851.772877952
548,240596.355606024
549,869283.275144648
550,615634.739859061
551,122151.194931415
552,570874.815904623
553,705281.292616808
554,803858.7281399
555,592792.904555357
556,328937.806029937
557,269769.044115794
558,557371.404000836
559,145686.017223536
560,825847.765166352
561,636937.049347487
562,478927.000714003
563,295564.215935113
564,896455.918642424
565,147014.529480027
566,431486.907013945
567,674449.690449788
568,448867.596955294
569,1395559.05512601
570,306783.978194369
571,401006.756458327
572,646610.286221118
573,235324.504124754
574,451123.882922218
575,254245.555386218
576,123162.991362979
577,523386.005863742
578,318607.248915821
579,973599.8675075
580,424775.089330702
581,647224.516813863
582,307698.146459919
583,722805.08176953
584,584095.820024638
585,504732.10729131
586,411802.007016097
587,291667.964957687
588,905015.619080229
589,242019.091790442
590,261141.461564798
591,22142.288659292
592,112643.007316272
593,508728.196444109
594,397690.964471616
595,323216.511270744
596,982887.818975752
597,431051.923753036
598,662060.793567686
599,594670.415924971
600,824013.945763952
601,831136.922465006
602,814058.319750318
603,584048.178083837
604,282624.370882478
605,344766.040768496
606,761651.899810844
607,73724.7393140114
608,441563.126101427
609,368982.10562162
610,552616.702378585
611,1196200.75049718
612,663476.459595837
613,582355.156127061
614,250763.067680295
615,408671.759013395
616,207678.342257224
617,1071821.94509058
618,141360.576453189
619,400878.551041248
620,552606.308992812
621,967977.482378468
622,278841.810070994
623,514106.440981776
624,187794.868611182
625,449324.673644982
626,724922.66053533
627,327636.67889543
628,536263.050238167
629,605183.57501299
630,524514.404199594
631,468387.466886032
632,306346.6863206
633,508768.399672772
634,86077.1789474543
635,474014.851066233
636,551532.703824485
637,489841.411521301
638,460119.539211766
639,176858.796860087
640,450058.132769863
641,289965.527694233
642,476877.120203241
643,441903.986174696
644,414978.95581317
645,369050.569394234
646,1055937.26580476
647,344752.666420474
648,555325.551362718
649,753164.417067628
650,820082.886852622
651,192032.378199423
652,894433.107496551
653,684977.092554152
654,156932.950278832
655,1073018.31045201
656,181013.293196791
657,130176.283733113
658,379656.509599105
659,422166.73788086
660,437382.34199525
661,376286.989045272
662,485098.616105602
663,749268.236195545
664,242765.076347185
665,146907.745639421
666,12728.2608447905
667,431257.930028343
668,632326.955850423
669,560411.783218382
670,462252.814085384
671,544648.231738681
672,562987.428438346
673,1268032.02287571
674,495944.124916573
675,365441.714733027
676,775784.489404268
677,1262579.72817139
678,113769.200107609
679,511078.152171998
680,426478.435013811
681,253565.721411756
682,138786.688544537
683,1241728.7247955
684,581643.924398282
685,396916.687400099
686,725980.572351308
687,400234.815142256
688,345549.580665216
689,811914.253371973
690,454560.544228695
691,394963.683041534
692,1077719.56558333
693,644018.404859457
694,843017.000958385
695,625843.55986593
696,722693.410909606
697,485200.801475029
698,501856.780234044
699,353427.293454873
700,1616253.32691046
701,679160.705314958
702,1427664.43024452
703,547206.05399812
704,249046.251362321
705,473926.114752949
706,484451.134203984
707,508108.041480879
708,910900.487709675
709,135730.64860522
710,368493.387837471
711,831406.494943834
712,1065114.91576479
713,755040.043851218
714,412772.077649736
715,536697.251477695
716,655558.605655689
717,175334.46300734
718,377174.952593295
719,289486.263446645
720,535747.446970688
721,1021887.97880456
722,742882.194199668
723,676273.2557326
724,510491.797808277
725,894096.33586111
726,373805.8484854
727,486611.194147715
728,82562.6892761346
729,1262922.66927872
730,518400.772666163
731,483504.863075735
732,467607.750758968
733,821694.743930109
734,1649357.46170512
735,761587.611849287
736,509632.505271376
737,940022.2234762
738,182457.188561149
739,647605.516002406
740,272843.511150938
741,821515.251939723
742,851720.546064726
743,578507.134812033
744,584861.304124625
745,355244.796079698
746,577101.657769562
747,248372.228685779
748,133344.477412955
749,494582.006908645
750,520320.152702411
751,322846.374916327
752,1609948.37831315
753,1099035.00031647
754,399656.023543198
755,898687.651050008
756,237910.447933383
757,606772.976991625
758,784244.599406285
759,560338.240359875
760,578284.909568622
761,572174.976067221
762,215517.955645516
763,457374.109563638
764,20020.8810263338
765,267297.969045875
766,279773.827636351
767,286107.423282869
768,900043.786399689
769,271968.394532297
770,1277872.59253354
771,603735.897811839
772,1077411.87779364
773,1037616.68782626
774,411726.685038688
775,220349.259058294
776,453040.596984075
777,625427.069553494
778,1046447.65103665
779,542355.058232881
780,305317.4165841
781,493780.205533209
782,489467.856590694
783,374574.382697254
784,151910.641128031
785,128917.739276559
786,393184.934466084
787,506758.424886864
788,568858.303997644
789,287781.041238866
790,916461.45578674
791,364509.812809121
792,812334.947348914
793,1306295.26237667
794,440162.365623358
795,697665.354845363
796,530892.099770685
797,379758.976362663
798,513350.890259362
799,159681.16616662
800,895942.617273257
801,187415.658765837
802,974284.887145106
803,484876.990476816
804,573197.259875239
805,864760.165432778
806,680728.76960333
807,884657.778938
808,698075.495973878
809,524135.70940227
810,414082.933217675
811,661545.222125497
812,424905.426758712
813,850500.308155672
814,592657.561419287
815,225053.538805765
816,363487.664384409
817,397249.76786063
818,237951.839652753
819,268405.261641941
820,870032.953326185
821,299011.573806352
822,724799.839541802
823,1061702.1274362
824,643219.515871375
825,766696.371728611
826,400665.388239642
827,352570.945144474
828,479174.29674078
829,642622.751524106
830,258668.328442326
831,760871.311122558
832,150962.425431503
833,327396.592188023
834,267856.384614372
835,824326.912988286
836,458990.526414828
837,364951.359988905
838,878080.493726659
839,454567.287394617
840,669237.331813586
841,460500.737973331
842,1049513.80098234
843,1381461.57812956
844,238404.111178236
845,726487.220406592
846,758052.848630089
847,726517.778778402
848,333748.843496533
849,1750850.98874434
850,264888.932318483
851,50364.7024903712
852,372269.733211033
853,275518.727139858
854,281905.863200811
855,560105.339098459
856,475261.566689243
857,284071.35652981
858,467773.696530064
859,221294.244694847
860,849069.392952907
861,580968.639327424
862,146205.467501782
863,526016.422866888
864,377544.324445847
865,324209.836329204
866,1077094.90142165
867,517921.415013469
868,286075.056159462
869,887299.428502153
870,510148.608470808
871,570131.194728567
872,340647.442094762
873,228388.230417944
874,391863.08223189
875,469064.872959032
876,885595.808990633
877,358673.949152882
878,915166.404529643
879,771868.111878354
880,1322138.16702985
881,991136.457395203
882,362639.466081926
883,357058.971360701
884,742258.099571471
885,353066.537826165
886,191865.407689186
887,174587.784572337
888,614690.685791261
889,520445.261620775
890,394762.593899701
891,516680.859613368
892,362911.224921137
893,259170.900692259
894,395561.489739639
895,653116.109937646
896,713334.76765302
897,391664.253541356
898,339676.015588003
899,260539.840499732
900,362152.132335699
901,438039.814600678
902,681610.18164558
903,142574.744106319
904,270189.273540136
905,686591.232961201
906,263258.331312394
907,446950.570641738
908,368748.646561674
909,937797.623339748
910,278847.075554602
911,443433.045485856
912,568176.138392561
913,240490.171468733
914,319036.344023805
915,104016.604530898
916,411679.083175675
917,657339.40897493
918,470056.321088909
919,992545.901206779
920,860823.308005085
921,317437.095372496
922,414121.924936294
923,716120.083440328
924,1368666.22003453
925,529599.88604061
926,193086.173377689
927,512495.054806196
928,739168.499001281
929,296543.052117853
930,253793.62221964
931,1064608.54032953
932,138941.256356313
933,942272.38132977
934,333424.150931553
935,518160.225396378
936,651985.445099612
937,175822.567548094
938,288981.544564826
939,223125.174059932
940,275108.992119636
941,603343.866619618
942,477452.117801415
943,597812.203916112
944,337988.417070824
945,262980.068167696
946,1035765.89758795
947,66518.818673667
948,146049.198240915
949,282305.283685813
950,550993.697494942
951,612537.593251567
952,667299.489834311
953,253997.466090606
954,350616.803073614
955,878307.694484608
956,91771.8963308848
957,643692.808704388
958,270740.659678408
959,519994.49454768
960,694654.615963158
961,915946.704470343
962,940915.108297522
963,317818.642507863
964,322826.132243572
965,406187.104590412
966,613927.459084276
967,579234.81502361
968,563859.521003565
969,768312.412112936
970,772930.228876976
971,668467.087867774
972,389835.182096405
973,223606.263700039
974,827723.586896224
975,588674.116347224
976,528197.813207998
977,941548.284598941
978,504574.201042989
979,437532.016090882
980,294605.214538573
981,714399.798020336
982,643995.569300903
983,428192.866522152
984,451209.391922634
985,271214.777878169
986,356011.663149234
987,420122.793170888
988,220710.782267292
989,717870.128873911
990,232039.751747661
991,264939.366294351
992,869518.52319434
993,1564813.27282102
994,305591.320353787
995,443852.10636949
996,475808.801307348
997,677536.044955572
998,1007741.51988427
999,663059.313219857
1000,682414.489901188
1001,628422.359729799
1002,585397.341351508
1003,350168.828681922
1004,1298181.86570245
1005,309704.051675139
1006,756827.632767472
1007,697862.733064179
1008,881718.261887117
1009,851418.030440366
1010,600681.741874126
1011,694266.588309187
1012,99187.544115148
1013,980446.822241046
1014,447262.057210924
1015,346464.280957759
1016,870102.987996083
1017,88277.1710010196
1018,44595.9057554683
1019,190303.571125988
1020,441638.884643894
1021,418905.367630017
1022,654574.502489113
1023,754525.501097157
1024,784308.948892952
1025,371214.125899824
1026,110677.746422974
1027,813052.918798043
1028,79665.8113604198
1029,358127.106312936
1030,433736.625164894
1031,644023.062891135
1032,425329.005510312
1033,285588.636409711
1034,857128.3373801
1035,513745.72678987
1036,651468.777975635
1037,709989.287820199
1038,436609.542374537
1039,234792.165101289
1040,381570.130701261
1041,731890.578729496
1042,615868.590818147
1043,112566.944774762
1044,341002.184337293
1045,261999.582694422
1046,669225.421355609
1047,518749.754526751
1048,241490.647162839
1049,185773.892976142
1050,921542.508816024
1051,531096.775712156
1052,261912.178106982
1053,477549.210967816
1054,499223.953329628
1055,284924.940394104
1056,469931.576252381
1057,820743.400544899
1058,496684.023812275
1059,703658.961321819
1060,655339.773298903
1061,660339.358216026
1062,1461174.10120579
1063,539283.746430382
1064,252189.834585945
1065,707377.509168877
1066,311490.591604166
1067,315997.692768771
1068,478676.858788055
1069,665143.245602431
1070,657930.062916723
1071,974916.966278801
1072,245802.516287796
1073,232955.87157959
1074,195794.626064322
1075,272953.230157762
1076,861990.500982241
1077,209889.967395941
1078,1003874.3064789
1079,202245.046413489
1080,175942.927241138
1081,468607.853001923
1082,258217.481502279
1083,333783.965473435
1084,429466.884430775
1085,516149.557655044
1086,256733.697088788
1087,553670.578402387
1088,674124.460672499
1089,177794.370440321
1090,365433.893673417
1091,452745.395601343
1092,290740.874818593
1093,321456.716275325
1094,536517.476810809
1095,679432.133570647
1096,562835.429842202
1097,387421.567984331
1098,126292.566798125
1099,761832.540334482
1100,164424.52793228
1101,498218.064007903
1102,266756.255163914
1103,583051.471867873
1104,573482.049474137
1105,1131323.65142184
1106,1133901.25577413
1107,732191.415084168
1108,337175.384050512
1109,80965.8703120277
1110,1026562.26951814
1111,435670.456374111
1112,422684.423805696
1113,682744.51631011
1114,724065.411747495
1115,-16583.4776088711
1116,582323.173061526
1117,625121.660489395
1118,285593.881881045
1119,630400.103238725
1120,1026239.57224082
1121,1195608.60931237
1122,576476.4305314
1123,356105.604807305
1124,718663.247067838
1125,294669.089557987
1126,874274.068135115
1127,230908.968116067
1128,336169.16761187
1129,493357.067408225
1130,729052.995815206
1131,632080.037777602
1132,606694.976338161
1133,359575.85782838
1134,521387.966506913
1135,502761.42687555
1136,220936.530539555
1137,676857.337346522
1138,772830.705456719
1139,454941.625171146
1140,570578.805919855
1141,168119.82221905
1142,576139.62898544
1143,257963.928144904
1144,494102.610694355
1145,541540.300690298
1146,1123506.43973107
1147,367536.011398318
1148,74307.7534941803
1149,567884.53487292
1150,589792.926375757
1151,2464049.31413176
1152,416581.22777768
1153,352102.096674744
1154,474316.592362665
1155,225340.940221857
1156,426806.46378294
1157,585821.211985196
1158,185076.537125244
1159,979481.847918025
1160,230342.254460416
1161,385905.764064889
1162,462273.794599661
1163,886084.322645004
1164,314714.750426817
1165,126575.305657262
1166,478254.933633185
1167,270303.283988945
1168,258247.43478103
1169,190845.975670547
1170,384556.231452769
1171,664662.372062091
1172,666193.383178677
1173,349086.506278009
1174,965247.25616662
1175,531456.408949911
1176,136928.085241799
1177,1746220.83211646
1178,561691.038606171
1179,191555.012758324
1180,267244.554302137
1181,513518.153786986
1182,557304.857666203
1183,303370.073692294
1184,142563.325184705
1185,761817.237893344
1186,374341.680202699
1187,313275.954398404
1188,418704.426132048
1189,640777.285220595
1190,263201.438980735
1191,348745.698702962
1192,673475.909448555
1193,321302.766451534
1194,498947.162461024
1195,709633.688296317
1196,327498.197190941
1197,560637.270643083
1198,758687.49803876
1199,203208.789014054
1200,613941.065272984
1201,304109.837921079
1202,785583.769325766
1203,400066.872138892
1204,101031.975296658
1205,363017.174621974
1206,326396.936911319
1207,838396.608048915
1208,121395.30831939
1209,769386.404671352
1210,95430.2424107654
1211,827825.747523547
1212,189949.534760893
1213,342176.343487164
1214,167700.458976858
1215,803453.330165565
1216,337768.306307792
1217,320930.82869219
1218,178843.490926479
1219,555704.180647319
1220,1093986.79466722
1221,581404.31754894
1222,540153.983741176
1223,488623.32251245
1224,460865.3536138
1225,303275.746173151
1226,352613.541614184
1227,194927.968139141
1228,437830.395363141
1229,403929.969546189
1230,916914.476594809
1231,351539.647690716
1232,470661.62816191
1233,492495.508539946
1234,308492.086546695
1235,242555.453517184
1236,193169.340680556
1237,944972.440293926
1238,891399.56414558
1239,377257.6134539
1240,1177283.08921105
1241,977598.06742454
1242,170464.352296984
1243,1344556.40459872
1244,193725.757588906
1245,312985.332702795
1246,236300.867708114
1247,212973.961993779
1248,78909.570333781
1249,125233.979566235
1250,292630.534051897
1251,472912.025886343
1252,415528.235767352
1253,438323.641027885
1254,463184.859819232
1255,443111.924679648
1256,315210.72570707
1257,613572.73798227
1258,327909.473135761
1259,1113717.23521041
1260,558861.341055929
1261,533786.170463368
1262,441286.322666422
1263,135596.801287811
1264,532609.56527087
1265,826238.705001882
1266,2224765.97788764
1267,2000721.70249343
1268,184150.697935989
1269,116507.40238793
1270,830893.508432896
1271,1261622.84446389
1272,533815.970741492
1273,237318.762936401
1274,947662.170820933
1275,588438.335323597
1276,540692.325197995
1277,292497.767587986
1278,551313.467978678
1279,265435.722355133
1280,571485.329485064
1281,566890.508019348
1282,508399.59372082
1283,179411.960366966
1284,1004038.88227801
1285,643448.194295667
1286,438254.282426676
1287,471401.291712368
1288,577754.037784805
1289,680474.54566346
1290,395061.617886529
1291,738945.244430142
1292,351371.919433727
1293,341453.805883426
1294,515347.825480526
1295,722041.644551394
1296,360651.817561756
1297,759707.82316116
1298,68923.4242799388
1299,473880.23212928
1300,360003.859090092
1301,406311.398350591
1302,616891.930907087
1303,595607.211479144
1304,642196.712686748
1305,539057.638350095
1306,569494.622732937
1307,295238.910538397
1308,607395.207075722
1309,126918.486767918
1310,326917.528441647
1311,928029.815168264
1312,232143.498236025
1313,399212.63549579
1314,730710.810150139
1315,280265.514083733
1316,317939.030683919
1317,639741.845022326
1318,457594.467089766
1319,546367.380378464
1320,1127429.76673984
1321,421797.221075946
1322,607761.697053343
1323,342774.778191501
1324,1321187.46233693
1325,746772.312986627
1326,908350.258047538
1327,176801.303760617
1328,558292.977302641
1329,1062583.26553392
1330,498265.838148097
1331,1354452.58888384
1332,434546.80874361
1333,468281.414833499
1334,311885.325575188
1335,583950.943160797
1336,407484.003016706
1337,868505.241708199
1338,265699.422643153
1339,495191.868262293
1340,596753.689705599
1341,250115.484676344
1342,676940.765882368
1343,404002.496595658
1344,621448.16583697
1345,1286194.14102474
1346,572872.611777958
1347,466680.382053974
1348,394856.630916612
1349,296873.819293094
1350,459430.695956853
1351,441557.870611126
1352,620427.909439998
1353,822463.010730858
1354,662887.790011309
1355,206726.52064938
1356,912875.32855297
1357,670323.535923418
1358,1663543.41500636
1359,308615.994062563
1360,1330416.79404405
1361,449980.102682314
1362,131694.117592157
1363,746778.616923383
1364,259553.764478096
1365,658556.170272075
1366,1362854.56542382
1367,366518.265827648
1368,520506.88613199
1369,1931178.76327437
1370,338754.092990709
1371,948900.51637715
1372,14778.8830701228
1373,930773.474626198
1374,306551.096642408
1375,125408.468675273
1376,195007.058361563
1377,627617.471455725
1378,284202.752542128
1379,268494.759626166
1380,236021.63092315
1381,739698.683325005
1382,930440.298731581
1383,248295.179814699
1384,441338.83215811
1385,217815.522625032
1386,457751.260561056
1387,369082.848781158
1388,453095.443335506
1389,198594.400394053
1390,402383.284006648
1391,879160.547485999
1392,174028.51620219
1393,587565.853694614
1394,688404.476719073
1395,438877.968584659
1396,802297.075140861
1397,320123.459168357
1398,666198.014480666
1399,261889.876380501
1400,1041204.87392177
1401,518196.901745425
1402,579164.867844008
1403,804844.861247621
1404,234513.991125407
1405,446041.116713525
1406,657778.041639328
1407,314565.504858218
1408,613575.003152699
1409,609341.683233843
1410,379699.252432207
1411,403999.595796934
1412,424721.354618051
1413,361106.469631998
1414,486430.561229439
1415,661693.507886357
1416,779946.093715676
1417,326488.567542082
1418,502444.514899752
1419,446235.319441979
1420,213236.739734087
1421,512076.962117442
1422,582277.799727819
1423,297930.617591581
1424,567128.401870839
1425,1409429.22418484
1426,480179.980448595
1427,612014.374944484
1428,1565070.46930748
1429,592421.933903063
1430,734238.873718525
1431,569539.090735569
1432,598753.751232142
1433,465174.836263474
1434,625371.472001566
1435,1075964.8465911
1436,679579.830297455
1437,382686.914049127
1438,520202.719810675
1439,221299.289833678
1440,233928.547993888
1441,260490.352644914
1442,433687.424003194
1443,93345.9548671906
1444,466269.982999643
1445,559921.769439983
1446,576496.700595954
1447,850088.824413561
1448,425020.178902176
1449,348318.640499353
1450,902636.142010098
1451,371289.998830044
1452,341026.105609452
1453,679680.554606275
1454,229031.620380268
1455,294326.012721153
1456,407232.884339994
1457,591556.164120121
1458,465850.538026436
1459,443567.98446781
1460,413022.167243598
1461,1200253.70644227
1462,30500.2562668249
1463,347843.461664323
1464,410466.677845714
1465,473561.352074937
1466,463637.174353819
1467,766659.594135131
1468,439001.295664376
1469,606822.770982464
1470,710216.706837522
1471,340103.199828652
1472,709063.652362143
1473,234025.613384158
1474,149164.4908408
1475,420337.477406722
1476,359416.743590098
1477,359973.801042371
1478,244886.666120462
1479,511308.836011151
1480,192846.551040851
1481,360914.70122297
1482,815391.533628944
1483,591197.4828869
1484,577670.842482365
1485,562999.634066526
1486,96889.3145936363
1487,327983.679560002
1488,1107177.65706346
1489,913249.972631035
1490,1488313.50105164
1491,267058.111365823
1492,654482.14109762
1493,665148.867653577
1494,441023.731382443
1495,520342.263495174
1496,171520.025977158
1497,420711.743347999
1498,494924.317008783
1499,250178.477258523
1500,1364156.77220099
1501,229793.718105181
1502,507896.533735114
1503,1489203.91948084
1504,328623.720653447
1505,169026.317428304
1506,401515.712673444
1507,769929.487574562
1508,399955.661416441
1509,583966.130781561
1510,545597.888791451
1511,616857.01134127
1512,334348.377252615
1513,316855.427979173
1514,186013.019747159
1515,1181207.02001257
1516,429840.849654609
1517,595381.447554362
1518,586743.201872421
1519,376616.69835873
1520,597525.249480012
1521,670822.35914082
1522,214266.502502512
1523,199712.114713136
1524,861109.692508619
1525,729841.481807983
1526,76511.7367012135
1527,318726.42745871
1528,535750.4273086
1529,305185.383499786
1530,216260.231463489
1531,108968.361698324
1532,355264.059523471
1533,973728.349401117
1534,338362.616255282
1535,356417.826668705
1536,499547.287385239
1537,324725.09345358
1538,459953.262196076
1539,387339.32185866
1540,755501.487834868
1541,762013.487586763
1542,685621.50949359
1543,479012.428604036
1544,121520.81792475
1545,226269.662628115
1546,1652114.2201231
1547,597830.642161917
1548,440379.716775825
1549,439653.720850326
1550,740380.591082274
1551,338974.154545901
1552,249186.134989501
1553,16273.8223110451
1554,419081.24653111
1555,157812.13271799
1556,2000780.38694344
1557,916584.852543846
1558,470758.09187033
1559,338020.353285063
1560,527351.396311056
1561,357686.759753124
1562,219839.578155793
1563,396673.373201
1564,514720.228202313
1565,1071528.25941115
1566,1224706.0021913
1567,507172.779076402
1568,366066.937289562
1569,990974.261451089
1570,1383152.55808293
1571,735734.743494537
1572,351280.412252363
1573,441939.419380525
1574,360627.944213098
1575,792290.38272896
1576,506884.840693321
1577,561018.915335436
1578,586101.507661568
1579,498868.293735437
1580,294652.063743536
1581,290534.396548808
1582,460611.599881104
1583,176615.300094192
1584,335837.079818307
1585,1399981.20467779
1586,193156.76120561
1587,340946.906235056
1588,1527458.15773189
1589,394555.938004661
1590,275188.140869183
1591,380288.676778487
1592,432018.533546127
1593,235073.2882607
1594,606855.325547118
1595,210301.126000929
1596,201433.534691933
1597,175492.306303649
1598,1232521.47068653
1599,770284.458277974
1600,373221.714706032
1601,170333.001320855
1602,421217.873486309
1603,198037.800147327
1604,287638.931819387
1605,308866.565897795
1606,731990.759362939
1607,742404.378105459
1608,250439.02991095
1609,547160.408884074
1610,249387.405647815
1611,561237.331597994
1612,282458.891525539
1613,233058.993055582
1614,310727.110127942
1615,512206.172896419
1616,82015.4146926906
1617,310388.906147991
1618,1029244.88691326
1619,702114.251719756
1620,325308.902058492
1621,132380.96217045
1622,797929.166362878
1623,345474.927485883
1624,312759.071508424
1625,355656.041658478
1626,313295.667493755
1627,263301.547424929
1628,289444.961812028
1629,674702.034390248
1630,1109081.04306087
1631,1253968.29880522
1632,239747.329728843
1633,852048.289371729
1634,1006082.00693926
1635,398302.867910193
1636,158424.663883221
1637,188908.43898403
1638,404944.412500183
1639,517649.645053147
1640,475129.491770414
1641,1049861.69343931
1642,424578.395924463
1643,648062.909033666
1644,668419.990664559
1645,382039.34172134
1646,474244.461917546
1647,113450.923632492
1648,1086517.48245848
1649,359612.836808072
1650,233731.064610785
1651,242948.780629067
1652,418161.490173554
1653,153868.025011344
1654,492122.977874763
1655,413711.714005389
1656,530623.231805432
1657,243303.428051047
1658,1194780.65191257
1659,405249.932637106
1660,370859.940946275
1661,283588.299105212
1662,346677.757446159
1663,170282.794272072
1664,467760.196585333
1665,627019.407649235
1666,580141.849376004
1667,537829.69409953
1668,588347.968730235
1669,499996.995150483
1670,942876.967495439
1671,286065.587871364
1672,148009.919373197
1673,643151.902661232
1674,159008.549837086
1675,321737.035203519
1676,101987.432466001
1677,517867.930466755
1678,1424583.41525452
1679,307942.315786455
1680,661315.034941221
1681,513198.531606219
1682,75893.5403703435
1683,458238.704501585
1684,180144.661061141
1685,321116.376303604
1686,788507.596586847
1687,147181.34158833
1688,689663.766539319
1689,276565.483854192
1690,190513.56635452
1691,263982.489606189
1692,337276.145160162
1693,631743.502552428
1694,138062.139483792
1695,447490.677236712
1696,390906.357403704
1697,328236.734553448
1698,1232588.91215121
1699,290014.255541572
1700,421048.543847358
1701,522704.868806235
1702,375775.887456678
1703,254026.25051519
1704,529453.149159932
1705,377445.515820557
1706,545702.862206146
1707,664161.162116438
1708,324550.942087184
1709,584258.735996912
1710,132150.238593678
1711,439208.233649601
1712,511917.521945443
1713,461234.562436256
1714,647563.072539843
1715,729671.32700388
1716,189694.92146739
1717,836915.559713909
1718,1146412.46718333
1719,562713.267941813
1720,271345.873684975
1721,669100.039416849
1722,973983.110531351
1723,395707.618076454
1724,255811.459245456
1725,952606.5653913
1726,573950.190350561
1727,781529.042111349
1728,746564.230159774
1729,900587.97695298
1730,532833.69230969
1731,392601.493087824
1732,324367.870141032
1733,235068.491192342
1734,508951.098888829
1735,520011.577067889
1736,756582.736885154
1737,371606.955373036
1738,846146.692291655
1739,244755.007688892
1740,208278.28624714
1741,282055.21437604
1742,303456.127611288
1743,192387.309663069
1744,140939.158875974
1745,407362.500184329
1746,447945.690418642
1747,1213982.43462649
1748,464506.603451207
1749,302270.564424211
1750,246725.62893356
1751,358207.92010206
1752,1028009.66650563
1753,254765.008138354
1754,628852.115570291
1755,286141.164356309
1756,762677.258492224
1757,514783.052900031
1758,376671.799146878
1759,551940.906680881
1760,453083.962244288
1761,785002.078364244
1762,783733.683301491
1763,417104.67159093
1764,316407.795279509
1765,517610.988914953
1766,645164.070360864
1767,562822.920377877
1768,632814.675777609
1769,451277.67718155
1770,324662.887745855
1771,199241.68663234
1772,594985.785912417
1773,314741.022987231
1774,375686.017206411
1775,779385.090344062
1776,258317.596584792
1777,713149.345478083
1778,365919.329428251
1779,185086.416346385
1780,317222.35170084
1781,931846.406670767
1782,395826.156732858
1783,1021855.36652448
1784,368686.474910935
1785,1029773.61137513
1786,763159.912835694
1787,418201.219727694
1788,1361893.92461168
1789,393144.583302369
1790,548458.464612195
1791,777172.129119215
1792,853832.596342582
1793,491492.879681138
1794,88376.559600346
1795,654083.062298648
1796,1164637.93178988
1797,361509.093017916
1798,371158.657718146
1799,207151.180236593
1800,1207372.53733691
1801,234570.905371185
1802,142671.121034533
1803,757431.073251667
1804,395036.932889805
1805,535455.858389002
1806,1180475.59925971
1807,878589.086889765
1808,703963.506823713
1809,168050.386725023
1810,837233.561118143
1811,907777.61468823
1812,204169.90112377
1813,930900.466248661
1814,1376304.66164038
1815,3916693.83922687
1816,230094.319672722
1817,713182.679935597
1818,718915.926486401
1819,196391.466261695
1820,600250.732785419
1821,547657.166752252
1822,567351.012334771
1823,386352.896157085
1824,328630.184783317
1825,1017367.6562419
1826,407741.058435464
1827,778972.731039595
1828,8857.9534352029
1829,502129.516252881
1830,428502.65841904
1831,783000.898911076
1832,109693.72455718
1833,260006.851299998
1834,345917.349744388
1835,280163.167499203
1836,447188.100673575
1837,874983.241974073
1838,459186.219143435
1839,238440.071338053
1840,892844.47487288
1841,208411.788593769
1842,256542.162529437
1843,268432.999401257
1844,322255.56227609
1845,765402.917893315
1846,387793.332785392
1847,671646.266730225
1848,365116.440929728
1849,110675.124436212
1850,218556.055544291
1851,332778.547652507
1852,229781.066608616
1853,412970.781334361
1854,722262.817228119
1855,602403.331879001
1856,595249.49175399
1857,211824.137112663
1858,218871.825537164
1859,272692.24678465
1860,459779.24792067
1861,848861.116479649
1862,802541.046055445
1863,239281.678761959
1864,187181.377965886
1865,373204.168435523
1866,399023.55870753
1867,251620.780623941
1868,438808.205331058
1869,228140.552185354
1870,586832.388255671
1871,668350.930577914
1872,379801.156072921
1873,991803.066203815
1874,179622.837370578
1875,559041.2446453
1876,352677.554517739
1877,218295.871301988
1878,443656.451460813
1879,388023.417676605
1880,515745.567255082
1881,1262575.05251389
1882,777717.207212697
1883,484111.252243499
1884,402053.390742068
1885,503213.899248114
1886,67878.9326264651
1887,247095.839944312
1888,1063065.45683239
1889,1034944.59444778
1890,154653.591925242
1891,316739.581685354
1892,1073163.38417322
1893,479993.887489853
1894,280234.653994145
1895,704126.586167628
1896,207225.19821056
1897,857685.103300333
1898,233464.985576108
1899,467378.003498105
1900,638565.744226858
1901,431367.946607161
1902,1326629.48306458
1903,257735.321161258
1904,742665.296619185
1905,433689.960726864
1906,452597.789003987
1907,825811.334710436
1908,360618.797691041
1909,274799.041096219
1910,699554.841103008
1911,878056.863959358
1912,135945.577974697
1913,1518188.51651547
1914,1064704.40203925
1915,303340.309261855
1916,62016.2704006865
1917,486094.958031743
1918,633952.408423278
1919,440901.375814974
1920,787154.212418499
1921,895234.698148894
1922,564312.897027197
1923,107190.958202326
1924,550005.788031927
1925,901332.854512825
1926,699987.083294954
1927,241327.256873857
1928,292463.582657585
1929,638515.473191339
1930,458284.867499569
1931,598987.18367952
1932,337109.187654874
1933,243344.704677966
1934,711480.034489173
1935,1087306.8385257
1936,1160154.29047419
1937,683784.186901951
1938,253495.774455975
1939,470658.930608314
1940,60724.7316824936
1941,445939.220935396
1942,252432.996024034
1943,438719.484035264
1944,527198.177116293
1945,244649.451728717
1946,837892.250316485
1947,309826.918276979
1948,875563.525966976
1949,605137.26065024
1950,671987.944498739
1951,231243.697773594
1952,792210.375978598
1953,711316.525692522
1954,1044043.51681653
1955,491285.743169121
1956,478444.367821098
1957,250012.062527456
1958,145541.390418115
1959,1274491.64114358
1960,660428.506389753
1961,205022.067069989
1962,992704.593340357
1963,310884.059458277
1964,62894.5119470897
1965,869382.823834125
1966,828754.705431853
1967,911373.318391633
1968,468962.153733146
1969,650877.032826086
1970,477575.208147823
1971,488708.091340592
1972,280984.367008849
1973,448092.705847471
1974,489114.037870316
1975,168294.539159965
1976,280968.666417007
1977,280612.810471405
1978,491846.786149952
1979,672549.567119155
1980,1058938.99926827
1981,600756.509606145
1982,607062.325475972
1983,95562.8948450935
1984,413186.032533693
1985,404073.675156312
1986,724230.405666697
1987,896277.207115942
1988,537975.056240011
1989,480788.821611259
1990,801719.293114149
1991,296583.492355494
1992,256932.097595223
1993,960911.697969791
1994,472161.728500668
1995,907121.80428181
1996,820274.472390178
1997,978567.969167568
1998,538779.351085706
1999,199421.162120352
2000,317383.930530916
2001,575781.833912656
2002,224366.607257022
2003,835198.960655773
2004,635468.461869778
2005,577144.196995271
2006,488112.460325525
2007,410709.906863904
2008,611615.441786717
2009,1094920.40501212
2010,498296.506144145
2011,207175.853641244
2012,407784.854631617
2013,652686.281003456
2014,497113.832667075
2015,43830.9596513846
2016,948599.305337969
2017,344012.939157005
2018,607686.464787789
2019,224678.449283991
2020,358003.64211167
2021,665330.364068368
2022,475814.17428347
2023,274607.801474984
2024,468061.942815283
2025,459068.122813129
2026,204008.42745285
2027,404627.155284059
2028,616049.076460681
2029,184687.920647776
2030,562575.89854579
2031,408188.877355689
2032,373395.968233096
2033,557246.86718088
2034,755879.568165662
2035,325228.709457148
2036,1002873.494352
2037,431428.135562108
2038,613136.089428963
2039,495377.589898212
2040,420998.009098008
2041,477285.164759416
2042,448921.559946587
2043,671240.905053553
2044,1693936.21327293
2045,600091.392635285
2046,239855.318352356
2047,998025.457850829
2048,406602.958667847
2049,211573.372804005
2050,852994.26399546
2051,953512.663916533
2052,695526.603491281
2053,635100.997051593
2054,583062.706880435
2055,565578.622435451
2056,400119.090554533
2057,483323.687612231
2058,1601685.10035981
2059,808509.118524952
2060,668531.808249942
2061,520476.565340321
2062,491931.874649786
2063,177868.964958536
2064,1119011.47424897
2065,241463.805502371
2066,498520.518720543
2067,302856.682074021
2068,1514934.32765749
2069,454383.572146126
2070,1211470.15767183
2071,314158.519586261
2072,556722.11369313
2073,317102.131434546
2074,420093.741647933
2075,66318.0391315138
2076,664930.286017548
2077,288081.768762787
2078,312448.161251788
2079,809033.406628385
2080,475635.787177028
2081,335443.80962119
2082,831053.903997414
2083,588871.288326605
2084,516754.934549876
2085,543754.785578041
2086,936390.812990297
2087,674159.090567797
2088,397683.494035693
2089,481039.011693363
2090,99426.6425558671
2091,317370.538624931
2092,704192.792385066
2093,437066.169822496
2094,428594.886231675
2095,364058.321064834
2096,433913.091830467
2097,450897.22911715
2098,622946.348180758
2099,650860.407242124
2100,296884.894656442
2101,389442.301419551
2102,460476.137004893
2103,611434.794085186
2104,174254.85608427
2105,4359.7223903028
2106,410629.749184777
2107,61592.6403924236
2108,431062.316096308
2109,759036.414185164
2110,216775.911028559
2111,608925.132971193
2112,818609.669190047
2113,449651.264063586
2114,401745.319057247
2115,777712.655496063
2116,1054339.31595113
2117,279729.885480713
2118,339284.215873577
2119,557767.193755544
2120,409345.630896729
2121,972074.526575764
2122,987309.465652566
2123,950711.992597425
2124,586343.753813467
2125,392109.30362941
2126,463151.398758587
2127,409827.585382508
2128,502981.749360426
2129,454987.042089276
2130,184094.151025249
2131,516007.057192084
2132,609632.349552347
2133,301335.578336915
2134,403580.047897492
2135,378365.077882266
2136,563716.085472599
2137,460988.082753252
2138,418818.569396293
2139,1222599.92225899
2140,10188.7717337725
2141,1487813.61910397
2142,991890.832623068
2143,578170.390576941
2144,521263.997522956
2145,449427.153669
2146,138390.289909227
2147,346521.321784829
2148,923172.047948219
2149,468619.300433714
2150,751142.202379522
2151,428022.875535963
2152,1130438.11708287
2153,655449.838028252
2154,560590.146614549
2155,1105535.91199034
2156,425163.718065856
2157,633532.683222197
2158,327523.084082532
2159,234233.17590363
2160,1005802.36611817
2161,489625.11992293
2162,709861.413679723
2163,559936.247144649
2164,297709.691342632
2165,833900.122247133
2166,836140.936270158
2167,394724.600755504
2168,394265.812293914
2169,270426.649040357
2170,267834.679310441
2171,849048.468926961
2172,703731.556204305
2173,364018.207497
2174,432713.686899778
2175,688093.862508011
2176,368840.68995571
2177,784918.650067892
2178,88281.2608945733
2179,146303.958110795
2180,231701.485138685
2181,1206479.13281294
2182,743097.555345522
2183,573961.04937913
2184,544692.476094511
2185,201993.011294823
2186,179065.108521121
2187,832156.344793304
2188,505653.200779956
2189,637389.365342881
2190,188559.283430301
2191,368106.803004258
2192,488571.835648968
2193,1156576.56133018
2194,126658.263181417
2195,1236450.71004283
2196,444915.804669029
2197,1118852.82560628
2198,718530.203667827
2199,780477.190883249
2200,306768.484821877
2201,196657.895833063
2202,476724.766596729
2203,82674.167150716
2204,429290.98129277
2205,284768.056224773
2206,222175.322455796
2207,761549.262886073
2208,149545.220092352
2209,504293.409296767
2210,907931.524730533
2211,1613082.52711404
2212,141793.639852535
2213,577763.088561296
2214,788849.722574886
2215,240556.650964481
2216,282986.198558165
2217,720596.892189572
2218,291603.455116905
2219,207413.263075003
2220,483186.947870057
2221,521039.39941358
2222,367422.283978134
2223,578051.628997399
2224,457770.014029282
2225,1234241.55851899
2226,269713.006118813
2227,352136.186170524
2228,547154.561416558
2229,128460.457551389
2230,525830.394824216
2231,435707.94338288
2232,585851.396806709
2233,643142.071493279
2234,959779.727890823
2235,743925.28831568
2236,558953.91934047
2237,250538.382790749
2238,1169809.11679406
2239,497663.840269584
2240,311996.799389695
2241,187732.174632553
2242,317067.763246371
2243,740562.654340025
2244,241699.110735278
2245,151628.771223219
2246,234399.121807476
2247,356145.922475393
2248,513498.869505
2249,832757.435633349
2250,685744.969343166
2251,114406.141563376
2252,735395.093095068
2253,1256097.45213104
2254,253747.850326303
2255,152204.715805634
2256,1019615.74341665
2257,863842.528152174
2258,725785.991092892
2259,523546.541388185
2260,302374.709894564
2261,233008.663459464
2262,453996.57179068
2263,503781.807734141
2264,989191.887462559
2265,412413.3188769
2266,462807.109448296
2267,270694.288925876
2268,472220.471820838
2269,471881.03120228
2270,65285.1539479445
2271,232821.045200138
2272,227625.534331637
2273,651083.077223559
2274,686333.545757303
2275,715349.025490913
2276,608633.258724673
2277,550282.923094549
2278,680436.428608917
2279,274671.051758773
2280,330583.069723034
2281,411260.99603692
2282,519080.301532022
2283,747915.175673509
2284,236832.666566002
2285,218611.566646578
2286,410860.361623242
2287,213216.902471608
2288,305556.020713198
2289,1672615.97064697
2290,482020.094835042
2291,72712.0701560138
2292,341716.671141533
2293,170922.875789417
2294,898333.730603505
2295,350901.515544009
2296,802941.057336075
2297,213702.396563889
2298,237454.511957289
2299,277358.164708315
2300,304578.408471278
2301,910290.353839439
2302,515957.469851018
2303,467696.003557275
2304,300208.28252279
2305,383463.377639903
2306,488108.093073644
2307,112109.904725681
2308,668671.212435823
2309,255110.083604454
2310,911159.250653066
2311,417600.592359459
2312,850094.668752128
2313,587068.209135859
2314,656224.717843666
2315,679874.153961835
2316,260793.132460612
2317,600548.233324267
2318,1108734.67672353
2319,369285.244370316
2320,150043.293201167
2321,600556.605699031
2322,486322.972728295
2323,267078.408568527
2324,589117.21147062
2325,372553.084029177
2326,743942.523600114
2327,554063.310641765
2328,794602.513788919
2329,1327114.94399323
2330,432828.659116819
2331,673355.347687703
2332,844371.507519829
2333,153588.690655105
2334,815329.791519899
2335,408333.029924539
2336,345653.998818022
2337,741891.723197386
2338,478908.503319947
2339,912523.566149692
2340,183935.974395582
2341,613770.834351139
2342,477739.672024193
2343,404200.290580235
2344,1229182.99071509
2345,120598.060986554
2346,589883.457708842
2347,1234079.23208886
2348,904401.786322885
2349,410196.32029356
2350,487780.366185186
2351,533514.34491302
2352,1241664.33956858
2353,597726.428650066
2354,434880.981755557
2355,738193.734717121
2356,366221.602137544
2357,879783.721413547
2358,419743.425308628
2359,176627.191083424
2360,822817.577845239
2361,904288.777261973
2362,590569.379039966
2363,518305.359660083
2364,254971.662175886
2365,408644.891969797
2366,445472.370682941
2367,160781.062036138
2368,397137.690174988
2369,110352.006891941
2370,747585.644528361
2371,581659.206290264
2372,816288.78474809
2373,347489.235008676
2374,613413.842144412
2375,553101.439875045
2376,1935841.98232095
2377,535739.556431754
2378,1350770.84791121
2379,737243.244884601
2380,314480.791580275
2381,1170015.80452957
2382,555618.246126755
2383,205239.321367486
2384,208083.975287046
2385,1158391.31053479
2386,329687.219956035
2387,671223.355184473
2388,8117.81494991053
2389,549495.942489558
2390,456039.96426339
2391,435998.111649851
2392,1063796.29434531
2393,638063.136567681
2394,172267.567593227
2395,406084.766397669
2396,565209.369228146
2397,267506.807842736
2398,1204252.3052611
2399,826837.464463518
2400,267594.822528452
2401,480291.038898133
2402,370089.930952582
2403,273347.407014387
2404,1573035.1553863
2405,466431.583616125
2406,1074601.508883
2407,254788.134992921
2408,1163944.21265988
2409,778505.831251877
2410,281849.131174213
2411,1006050.16936095
2412,1014178.30485486
2413,222202.233005386
2414,402517.369346804
2415,414386.583272107
2416,564198.584652799
2417,617871.79972632
2418,1868953.30777073
2419,425162.382874722
2420,502056.270859379
2421,789771.994437627
2422,216516.151884177
2423,167587.04001322
2424,94036.9090203822
2425,215916.751527444
2426,227332.707234647
2427,1073379.02220281
2428,680545.243599856
2429,707399.378643198
2430,649627.845164719
2431,228184.242333182
2432,1061901.74939735
2433,488264.538065448
2434,774931.331360045
2435,278183.409327187
2436,241078.261996457
2437,879625.562257422
2438,1200981.75169406
2439,878804.159730507
2440,303697.69000635
2441,504459.71533163
2442,232728.507174124
2443,22236.7363952016
2444,473870.884854156
2445,734620.475647117
2446,938552.104245186
2447,293280.013101277
2448,785851.707409893
2449,478636.349277561
2450,278338.774882001
2451,437996.630247456
2452,392254.577795994
2453,494505.595096297
2454,665104.916686111
2455,188494.342294807
2456,625635.966966153
2457,304963.573450855
2458,515281.922069322
2459,481838.534312045
2460,615722.752936356
2461,1338581.70188254
2462,339172.520963209
2463,609594.021448822
2464,592146.442315517
2465,360149.474287396
2466,452287.316286713
2467,303125.812995842
2468,941733.362738984
2469,1215152.81176163
2470,866162.133887656
2471,247567.826312999
2472,430351.791853029
2473,433553.264691926
2474,708296.076023372
2475,308958.590255222
2476,435780.853815034
2477,441667.831183249
2478,1391874.26194513
2479,775896.8030385
2480,219784.583295577
2481,415512.684062934
2482,485785.646376707
2483,461563.948789396
2484,349043.980070694
2485,255725.619806488
2486,462533.867777602
2487,344098.396140225
2488,249998.523587154
2489,367529.795589095
2490,579473.627160985
2491,487159.596284371
2492,857919.466385476
2493,147145.662483131
2494,239006.923479433
2495,578471.045446192
2496,342611.225319203
2497,995786.789384367
2498,801086.124270775
2499,170864.856318687
2500,587277.366742414
2501,389301.155758542
2502,982971.058830183
2503,127461.748515902
2504,410148.365596068
2505,568170.664190797
2506,847892.380923587
2507,232305.107145558
2508,2329948.24602643
2509,561834.742645337
2510,554940.787804137
2511,112660.818470888
2512,243672.319734818
2513,721153.220765524
2514,285649.869169965
2515,384169.246627459
2516,356570.673954988
2517,215213.232056578
2518,360095.779943167
2519,623132.527292921
2520,386606.093014408
2521,379788.979434268
2522,761797.292499303
2523,218110.340395134
2524,583298.609720249
2525,642051.786053133
2526,427308.2964987
2527,293145.0514877
2528,430698.587695451
2529,318614.056511598
2530,454446.035671821
2531,636036.946168212
2532,566741.737505058
2533,236389.622182302
2534,1339920.46683539
2535,584770.898521695
2536,499993.983124187
2537,457059.586938921
2538,1350665.82037357
2539,656012.540568301
2540,340248.519457924
2541,1290909.81029101
2542,1302027.82909312
2543,793680.491944138
2544,409910.348571067
2545,282120.41861941
2546,823883.716137511
2547,186444.855588952
2548,1137778.61342063
2549,565365.735537692
2550,435707.509194733
2551,473485.903197496
2552,181676.426523064
2553,744570.603320021
2554,352990.521977183
2555,370731.009694485
2556,447374.097668049
2557,679453.604739963
2558,196840.916670886
2559,392316.119482909
2560,242264.739440885
2561,410991.225342675
2562,291130.562056238
2563,658353.231689515
2564,624042.22147508
2565,846690.862746819
2566,446232.120013647
2567,859792.785266247
2568,705673.502946098
2569,448396.621571487
2570,583364.51883746
2571,616382.447813952
2572,306520.058496047
2573,484143.76927239
2574,482915.146797297
2575,1729759.76001656
2576,297967.727778515
2577,909666.245807035
2578,513226.341927829
2579,601769.339061714
2580,336956.733335798
2581,1095330.29454411
2582,189607.346534894
2583,263034.758301544
2584,361101.038522181
2585,397701.523806205
2586,577650.795774238
2587,830893.398285798
2588,333023.254919202
2589,403198.193125388
2590,484668.594377583
2591,542352.568791475
2592,257731.723204703
2593,183895.310263743
2594,738088.322114628
2595,637898.779259473
2596,974266.549065825
2597,432053.18924687
2598,598348.467962114
2599,862456.998253317
2600,558010.290111429
2601,210484.48572892
2602,301778.290647798
2603,817073.578033081
2604,347426.264961743
2605,101761.560462012
2606,742929.950663895
2607,871342.392755914
2608,233658.684051767
2609,572274.624561163
2610,746272.162281746
2611,679645.781277318
2612,160272.36724011
2613,422260.949927484
2614,404561.108197089
2615,665328.181426081
2616,645707.801135446
2617,597469.393867879
2618,1214057.05927048
2619,495223.908480573
2620,316333.312230945
2621,629873.016556071
2622,557657.068877912
2623,862487.60407244
2624,597215.379002586
2625,224345.303840198
2626,997788.422148903
2627,218922.406054024
2628,815378.122407084
2629,466155.513852778
2630,265842.101204624
2631,297177.045048881
2632,660207.803777468
2633,350468.460485415
2634,390683.639795158
2635,1624395.60136296
2636,176219.515366849
2637,874530.887497296
2638,399901.675269196
2639,514204.16029249
2640,418908.050555939
2641,1557589.00055425
2642,289635.056777883
2643,894938.086525898
2644,1118948.66666612
2645,573476.573745229
2646,596142.546296018
2647,295518.739649979
2648,217302.339017891
2649,937102.777888769
2650,1896148.17788426
2651,592364.813653232
2652,856040.769330727
2653,85432.7927188731
2654,1395141.15056245
2655,1194287.28973951
2656,455159.206053957
2657,453727.515919481
2658,445901.024569806
2659,812558.166227539
2660,293951.18805112
2661,449057.843526601
2662,497487.727670775
2663,523783.10186595
2664,692136.114377429
2665,473834.974777446
2666,442290.425647302
2667,262294.716700665
2668,722091.031395909
2669,110455.617426246
2670,242798.018942124
2671,474860.581345996
2672,537100.083061585
2673,819538.632702055
2674,206470.034445696
2675,665612.098876352
2676,303229.766264038
2677,810093.631980013
2678,704438.155022263
2679,618989.595693522
2680,-44514.3272121973
2681,163641.651238778
2682,184474.356366158
2683,205624.57711965
2684,491503.937840153
2685,1563495.41076148
2686,693822.377943598
2687,777214.096480116
2688,997379.064484777
2689,535377.311599196
2690,604918.632083988
2691,654626.640910119
2692,479778.27792968
2693,505259.172211339
2694,585856.266246049
2695,370282.924344233
2696,502415.08206829
2697,1551330.45000217
2698,621253.05140891
2699,455574.952438516
2700,377341.986747636
2701,666450.541400191
2702,572919.519549036
2703,732736.366709262
2704,577752.176108758
2705,445900.327609997
2706,529127.240155287
2707,281683.242758105
2708,686401.892287766
2709,387337.200004259
2710,465730.870259283
2711,292907.93008704
2712,704578.25810883
2713,464400.226315312
2714,912628.742208738
2715,982669.649326986
2716,736715.759581364
2717,1667510.87619347
2718,706273.453719581
2719,111692.479153465
2720,251094.057453276
2721,175651.81659307
2722,300335.343253806
2723,2174774.44632005
2724,514983.793238161
2725,503205.285561444
2726,366020.872266503
2727,207522.917230152
2728,711115.814084339
2729,204755.047592536
2730,320213.848129961
2731,347722.474949984
2732,449659.525203981
2733,571964.385682592
2734,44984.3286614053
2735,439354.452422657
2736,531480.127771331
2737,112564.492511227
2738,182845.862729313
2739,459446.296476001
2740,272787.858685485
2741,276851.80940257
2742,467582.054453115
2743,421971.343054074
2744,120699.639981577
2745,242087.223428054
2746,505568.462669356
2747,532950.63924309
2748,218258.935005126
2749,144185.793369561
2750,420009.852030104
2751,74223.7671441637
2752,251164.078776235
2753,630116.234724085
2754,446068.099537894
2755,459983.480273426
2756,276141.165854012
2757,712108.525422227
2758,748185.547718924
2759,2068360.94370042
2760,449332.199654438
2761,233129.464373253
2762,989601.982213349
2763,431240.749432439
2764,196170.559653374
2765,206322.151688989
2766,80370.5572943829
2767,1014813.25698045
2768,916387.215887591
2769,450035.294055979
2770,-38788.7374871509
2771,289786.671643319
2772,266830.843450511
2773,751932.733386314
2774,446931.421302455
2775,139805.05834786
2776,519471.631361122
2777,673123.580399253
2778,51189.0032213351
2779,260422.716092288
2780,743847.543709104
2781,1026281.39758866
2782,474956.024320672
2783,454584.838744597
2784,316442.556269565
2785,394756.41510078
2786,283724.737478623
2787,743390.167953412
2788,1098657.21156028
2789,818616.917309284
2790,497470.856131323
2791,394187.911419511
2792,374775.66716276
2793,558521.820077256
2794,588295.687921108
2795,449566.935636932
2796,654940.283294676
2797,518876.50900463
2798,276193.344338984
2799,54321.6780425089
2800,659940.301447024
2801,102970.552750137
2802,293549.072930774
2803,632090.886703829
2804,439643.494028404
2805,366606.023950956
2806,326839.349150577
2807,267265.60400966
2808,111170.267675472
2809,749153.926106478
2810,239507.619073363
2811,342922.023670402
2812,140992.796851072
2813,435489.641876133
2814,225533.296910577
2815,262827.993333406
2816,633800.470875761
2817,708305.457029819
2818,375299.879424598
2819,693184.028230298
2820,313609.382595523
2821,1729886.7435487
2822,720738.763579049
2823,213356.67137975
2824,711739.481920869
2825,585204.285532559
2826,661877.133485779
2827,177153.027805388
2828,408866.559985447
2829,1244051.1931257
2830,82078.3729370192
2831,107214.529900592
2832,417824.244987348
2833,656808.202752934
2834,441127.408154034
2835,126816.652412552
2836,602715.26443236
2837,528032.838312104
2838,270476.731072169
2839,593159.790820278
2840,297966.671626881
2841,606278.250758966
2842,632541.074697667
2843,360887.561620793
2844,392766.046427378
2845,733942.583940286
2846,550646.079644481
2847,440506.206171605
2848,126879.468553118
2849,372070.90780052
2850,511001.90914642
2851,606427.208010187
2852,570454.036912893
2853,822478.506874326
2854,273301.35025383
2855,409642.126113996
2856,1089341.00005158
2857,352014.328122954
2858,1351994.88057665
2859,366343.293330656
2860,900301.857357935
2861,101373.493737322
2862,627977.61603053
2863,503398.00524733
2864,169208.326191362
2865,299335.326760418
2866,317165.629426706
2867,281066.526617091
2868,636713.395111731
2869,570175.805127635
2870,633442.498783048
2871,673725.355032132
2872,513402.907595803
2873,631861.658884607
2874,691057.508340124
2875,800503.747917661
2876,276402.383745644
2877,550086.840510388
2878,78724.7338240641
2879,921563.07070208
2880,1579922.14729451
2881,723706.731662907
2882,430536.208219554
2883,939034.760181129
2884,352091.481395799
2885,1040193.63781574
2886,553275.178815801
2887,1613432.65273228
2888,430409.070257448
2889,915816.912318798
2890,188409.673731084
2891,526160.20686517
2892,246812.309293428
2893,505453.190567922
2894,848207.273867202
2895,289270.506233602
2896,503891.110786114
2897,280332.43082831
2898,851351.651557911
2899,1219538.74962433
2900,577303.067981501
2901,323034.026632062
2902,741589.438251106
2903,1099169.27845333
2904,624430.599541518
2905,1085712.96767572
2906,143809.098231036
2907,317492.252339048
2908,466983.527280603
2909,336648.814624511
2910,269280.597038735
2911,1458868.03999347
2912,123061.224288875
2913,872289.792938162
2914,282973.295635822
2915,881484.247277675
2916,331125.484841663
2917,669984.395604139
2918,279349.524199944
2919,1188299.83223141
2920,428901.465408018
2921,577633.642111474
2922,217127.392370242
2923,275176.254468498
2924,462165.364973498
2925,218314.424827409
2926,712042.018080775
2927,870506.265224667
2928,966788.506105302
2929,539127.608699477
2930,306832.051818645
2931,461848.36755286
2932,512710.352085791
2933,345668.312791298
2934,439740.265758682
2935,201702.078326396
2936,96832.8080821547
2937,210258.128786429
2938,711997.979816733
2939,802840.070674425
2940,408213.83667933
2941,1782076.8130926
2942,976390.012098876
2943,185302.848341204
2944,1197787.82349223
2945,129444.169918233
2946,502630.952921776
2947,347765.469673614
2948,181180.079496217
2949,366026.090774926
2950,509415.61674666
2951,797543.039649341
2952,1056202.4666725
2953,392675.353812524
2954,439813.538878984
2955,701884.557784119
2956,345924.474058415
2957,196844.342003063
2958,990506.522422559
2959,181143.844689587
2960,677997.741573864
2961,736598.994819126
2962,485037.985818867
2963,459059.732953222
2964,1359254.74494687
2965,695583.114131958
2966,341096.968471293
2967,682264.042864054
2968,568214.57166353
2969,659282.625595281
2970,1294839.77553357
2971,107990.50909588
2972,565754.374312694
2973,481260.221134576
2974,1266302.36981961
2975,422150.11121455
2976,1199835.85630583
2977,187157.972904719
2978,1415922.79012285
2979,502638.855103661
2980,423605.759718724
2981,1019294.41372297
2982,493118.677160687
2983,275898.98755799
2984,557042.782596981
2985,574272.228022304
2986,721519.455671235
2987,423545.931841809
2988,485213.883537455
2989,1091640.88854288
2990,244246.779425317
2991,319061.359707875
2992,1215988.4454624
2993,358267.225427798
2994,1003448.26353936
2995,230542.087423361
2996,109934.682302148
2997,604965.811079322
2998,107637.356105098
2999,307545.549547467
3000,563292.402955625
3001,605005.699338841
3002,850613.61757739
3003,804309.793974264
3004,774770.923871756
3005,889409.534572961
3006,539469.173574941
3007,656840.074450654
3008,365432.704302352
3009,271720.830913781
3010,362472.701493267
3011,657182.957462701
3012,543223.56737406
3013,619409.742615156
3014,1405538.51015714
3015,675769.825204792
3016,266033.488112516
3017,475063.806844856
3018,329887.000792857
3019,329052.809085252
3020,401428.084147231
3021,552318.261564389
3022,585531.028994684
3023,689003.06713872
3024,312471.122913843
3025,258441.063302705
3026,658040.64669817
3027,602580.284340483
3028,703396.452101246
3029,421516.710710134
3030,428490.321971881
3031,272869.25841661
3032,260736.378049237
3033,719345.392721032
3034,566750.530485381
3035,574741.085291149
3036,1245448.95207091
3037,317991.038135974
3038,226603.505324547
3039,74684.2039771956
3040,771806.423609396
3041,323222.145304232
3042,300755.915411918
3043,489354.103769755
3044,676737.126478814
3045,331093.963783836
3046,263994.358055468
3047,359824.622397645
3048,463511.820092369
3049,337403.264133439
3050,519152.442592058
3051,728670.483693743
3052,305108.568837195
3053,143820.122084271
3054,645950.889388306
3055,404715.513757483
3056,791052.331602186
3057,626618.999491906
3058,832534.082659658
3059,211348.417595853
3060,549081.249793239
3061,428377.548557866
3062,1244687.41097004
3063,352308.934364903
3064,1081280.0771089
3065,1503487.67750286
3066,183685.647488067
3067,-43969.9004273859
3068,824411.689170862
3069,537998.097655289
3070,531537.661050331
3071,378217.823409342
3072,285471.896245238
3073,222003.870492947
3074,434892.920436362
3075,954580.312592423
3076,464051.321749764
3077,594506.924208068
3078,861567.510183681
3079,364252.438526612
3080,667987.287601412
3081,473465.431753262
3082,409630.526250734
3083,366722.741643375
3084,393559.478663287
3085,449863.61686674
3086,476614.736729014
3087,283604.273063008
3088,350379.194635856
3089,82644.0340199517
3090,228262.94412681
3091,461218.554333414
3092,430923.902724591
3093,640158.934619703
3094,427006.031500673
3095,1503300.64275723
3096,467781.35486006
3097,648835.914977192
3098,434870.504440144
3099,424240.540777161
3100,465261.415241892
3101,293429.10747269
3102,454592.321547558
3103,-686045.631632189
3104,39881.5339563176
3105,281572.616278896
3106,233253.178163153
3107,645034.989517778
3108,368881.763402903
3109,55250.6605660287
3110,318133.050072843
3111,179591.355185805
3112,365204.106315254
3113,818019.797140847
3114,426592.021516456
3115,323539.897560746
3116,624443.675782564
3117,423882.741484094
3118,96267.2048144906
3119,463105.681423979
3120,926410.966310099
3121,763142.090855843
3122,733656.404294141
3123,373254.077410189
3124,475332.922142976
3125,583830.346389581
3126,406021.645334381
3127,620655.532196129
3128,151841.083513798
3129,1138982.09135675
3130,657323.736143828
3131,157352.038173692
3132,554506.773124738
3133,1312120.04747683
3134,498716.100313684
3135,934817.45711103
3136,410272.462672561
3137,488595.696116843
3138,472561.899972921
3139,426841.271471408
3140,437801.062674424
3141,441175.859471235
3142,290813.03483419
3143,547456.303072031
3144,181137.086394877
3145,257870.826362066
3146,525800.679449777
3147,596276.407503209
3148,654380.015059507
3149,363071.778415898
3150,1198941.84654463
3151,370877.440910752
3152,589591.93397175
3153,544220.845546279
3154,389887.077980506
3155,265674.207791831
3156,412675.801332662
3157,441417.511395063
3158,1429535.39328818
3159,535272.617197225
3160,484143.832094007
3161,354935.083382956
3162,195188.090233414
3163,464113.181280917
3164,761731.64585489
3165,625907.463500673
3166,243876.736401515
3167,489368.287996182
3168,396920.920060398
3169,719295.701923933
3170,668272.418723755
3171,569773.258413888
3172,676733.562355342
3173,378977.294539946
3174,596078.005395771
3175,435518.253789882
3176,619573.941050466
3177,1024250.68996088
3178,347369.371331618
3179,344682.224781938
3180,571465.976356773
3181,409687.311398808
3182,258651.322347823
3183,221829.541553341
3184,650116.649619565
3185,688408.803931701
3186,752508.103713556
3187,151050.209054016
3188,306126.620890695
3189,1188007.32098744
3190,557297.223041842
3191,239118.76724974
3192,206957.140122094
3193,127387.710388308
3194,612980.585830152
3195,321828.417553302
3196,131264.141572852
3197,542904.319304199
3198,1093545.457284
3199,646101.396666438
3200,187095.19603
3201,883408.581877897
3202,616326.391003985
3203,275096.018659758
3204,592242.155618141
3205,983096.93017217
3206,285283.652868777
3207,333322.177735745
3208,154528.07915545
3209,1677518.62730056
3210,688167.801945864
3211,594641.535094346
3212,997515.641617709
3213,258178.550315604
3214,344619.706831952
3215,542203.060452812
3216,794294.724608243
3217,342809.859180497
3218,1033814.54736106
3219,639824.60157747
3220,387399.59286404
3221,601924.832087853
3222,846020.578629268
3223,79867.0432917304
3224,547472.752205785
3225,100968.510624737
3226,769148.919798054
3227,943728.838560561
3228,573203.214558358
3229,547062.695884765
3230,456302.114529645
3231,805230.713457411
3232,473263.179914357
3233,234435.374926587
3234,174883.092262183
3235,143010.040891423
3236,492411.745930789
3237,975139.702321107
3238,255172.156579746
3239,1325991.31595908
3240,263037.724242808
3241,789998.641554947
3242,600597.620180388
3243,176458.607465955
3244,974811.787803786
3245,360700.808701012
3246,614183.060933597
3247,99318.6839971744
3248,461945.992022791
3249,1128932.7145173
3250,174545.508747378
3251,1345727.13617075
3252,897710.939113424
3253,476524.714683972
3254,714162.293629457
3255,91482.6321349234
3256,220669.866425966
3257,957956.942322618
3258,480667.613004794
3259,1014368.8030515
3260,850466.835740423
3261,177025.847781438
3262,262889.423495398
3263,859387.710824586
3264,753599.183510312
3265,375019.672933283
3266,610296.342649928
3267,424828.974220705
3268,293388.341277823
3269,304951.593082444
3270,386454.6129171
3271,943001.201025543
3272,389233.738709673
3273,1132755.77626339
3274,651312.722944257
3275,200607.371229316
3276,663892.081225351
3277,338644.419680767
3278,644020.613627578
3279,525031.636554626
3280,90030.5297226268
3281,12734.2401679164
3282,364337.211198104
3283,253602.882965568
3284,1316364.94563088
3285,331579.658571948
3286,119515.690728271
3287,833140.803912327
3288,162658.3673174
3289,783749.55506862
3290,572864.493526417
3291,942855.220765049
3292,606972.367962592
3293,462060.067599793
3294,303036.439159905
3295,468718.186096473
3296,280337.523269315
3297,544358.950396962
3298,387337.624454092
3299,241470.439757796
3300,147429.275327146
3301,582583.527084173
3302,426684.795751758
3303,472104.308372904
3304,350670.241362856
3305,321468.67188793
3306,133202.890424683
3307,837391.726532133
3308,787356.381683541
3309,156299.131044772
3310,364269.882768163
3311,1218159.57247886
3312,316069.988403977
3313,721375.020537965
3314,474885.732723735
3315,598278.673918042
3316,1086133.67551763
3317,310272.991813916
3318,75222.9059382356
3319,317572.029898973
3320,689302.754472374
3321,739439.58477894
3322,1435310.12473886
3323,149597.012602072
3324,325425.024543674
3325,789245.862148744
3326,559981.077966723
3327,1262721.27493049
3328,61509.5288405427
3329,667716.164182888
3330,394900.337114139
3331,257750.174435098
3332,329992.685148889
3333,622427.710609955
3334,204270.907776034
3335,427182.051984629
3336,977238.239111443
3337,314264.439170023
3338,2179725.57509038
3339,482622.247147729
3340,434756.341559576
3341,467089.373886017
3342,277172.922510524
3343,375224.114843296
3344,442070.172434009
3345,201825.410712893
3346,759203.808288332
3347,465777.262252304
3348,691409.123334822
3349,195540.073877851
3350,97220.1070643481
3351,180550.06434997
3352,253001.55727384
3353,419088.37116566
3354,513639.521758153
3355,294515.379957103
3356,1137226.13435677
3357,486258.362672629
3358,444238.91785511
3359,421767.578367443
3360,645479.33873366
3361,279714.458196451
3362,428581.256550393
3363,1312457.97335628
3364,340928.266488938
3365,142998.235146489
3366,587891.131216107
3367,201076.987167977
3368,722600.278888712
3369,463741.816343164
3370,761002.651951932
3371,258071.268194262
3372,1413855.24987379
3373,446805.549506112
3374,1053789.24556997
3375,325976.641167156
3376,1473815.40733747
3377,598639.501008402
3378,961246.293881611
3379,186187.218340192
3380,269595.577219318
3381,1676456.32069836
3382,212163.71994855
3383,630051.905180142
3384,687095.066592303
3385,1202643.68100735
3386,313904.969534327
3387,476462.991625551
3388,179758.400512158
3389,491218.126333932
3390,968990.55687044
3391,613767.97848231
3392,423296.936682792
3393,236821.660447284
3394,398092.18066291
3395,191800.121847021
3396,641057.155998057
3397,472214.540818379
3398,598997.210329728
3399,157147.645316109
3400,474353.263122462
3401,400440.089949723
3402,619342.583983747
3403,933378.837897144
3404,648266.232809606
3405,358109.549671484
3406,885026.247701971
3407,166644.219702503
3408,598025.314105764
3409,400506.938669824
3410,549763.009150928
3411,1067141.42779175
3412,365355.460930914
3413,830362.074843413
3414,174711.393103872
3415,883456.275168972
3416,1126137.02940575
3417,373193.220762688
3418,449209.302579175
3419,112072.170379641
3420,203706.316973495
3421,1568740.60628122
3422,271188.303150772
3423,385683.318678938
3424,378426.831792569
3425,683613.067704013
3426,202183.282952196
3427,232653.428356539
3428,130776.831447404
3429,369790.524182924
3430,617086.232113135
3431,706025.943546393
3432,787383.00651538
3433,621346.880980579
3434,722251.037282848
3435,538976.035714938
3436,155253.498456944
3437,231049.909535574
3438,148586.328697219
3439,367420.173250092
3440,428118.711866105
3441,1090932.27911838
3442,167934.418043815
3443,422577.539965044
3444,198130.871551924
3445,694538.950838636
3446,488393.498490177
3447,816977.686389723
3448,339788.38362301
3449,619780.07052858
3450,232148.207546002
3451,1067395.67880837
3452,1237736.87183541
3453,303175.658564028
3454,820016.18908438
3455,453376.540613915
3456,343733.458175731
3457,148022.512985939
3458,157859.247643816
3459,995008.917443993
3460,503170.996569966
3461,694059.11314258
3462,536153.312415006
3463,194110.270166642
3464,667938.717126827
3465,364106.464486651
3466,709727.687175231
3467,507502.349978121
3468,369532.766508817
3469,461637.997293767
3470,451488.383898897
3471,469662.653992257
3472,321211.089846096
3473,896207.723553452
3474,1071000.1980532
3475,340449.097865532
3476,497827.240771766
3477,262469.487209814
3478,732019.661440031
3479,785193.08667087
3480,817040.4008262
3481,475460.136439984
3482,602115.062982782
3483,403649.365187638
3484,663935.246759884
3485,273524.305693685
3486,470982.844854277
3487,543729.963795653
3488,66700.0511402075
3489,650736.554517701
3490,545600.086784555
3491,498601.607820309
3492,431357.135289671
3493,872701.743735639
3494,392385.973310914
3495,518532.96019958
3496,423085.85069616
3497,421669.297311086
3498,132025.143767268
3499,819846.598406667
3500,553075.223195876
3501,347017.905312545
3502,481759.458693341
3503,693462.568705423
3504,573061.568945192
3505,503791.280282487
3506,112383.449010262
3507,671376.250480628
3508,457369.796830759
3509,288718.489798005
3510,382863.333364546
3511,751789.232749986
3512,374776.31910307
3513,473678.213677299
3514,504441.283625893
3515,989421.349618633
3516,832065.641491089
3517,1109959.69862315
3518,392474.501624724
3519,264610.20336905
3520,997093.997628259
3521,491847.445056896
3522,541782.402078819
3523,173435.916668532
3524,439933.315284523
3525,1166681.13553912
3526,952212.567556924
3527,295314.711526545
3528,906708.142940161
3529,248609.015634532
3530,409965.297209557
3531,895675.329786158
3532,830680.443385273
3533,145676.130863396
3534,487471.842863817
3535,464907.014236199
3536,319709.924927371
3537,508021.029794837
3538,580387.307882962
3539,379258.908861019
3540,148193.400689309
3541,491069.731707417
3542,1107748.02541348
3543,292519.070325995
3544,418903.473177615
3545,279446.497714408
3546,339489.041934728
3547,324445.291199751
3548,438260.516731173
3549,249040.227929659
3550,474838.857770159
3551,454124.63041468
3552,440432.650506458
3553,1025810.50490667
3554,150075.706598862
3555,730543.155447402
3556,169575.176706343
3557,746768.492684969
3558,375590.292330937
3559,594177.409626698
3560,158768.894478827
3561,353338.98021551
3562,499567.776093785
3563,618891.216059195
3564,379634.721546199
3565,301405.344859818
3566,608416.202571505
3567,455187.994543811
3568,484504.285592867
3569,648580.120176356
3570,172039.591052604
3571,553397.957298527
3572,575620.715714857
3573,332395.649352717
3574,778325.1314699
3575,646255.364210579
3576,326696.630613404
3577,459143.319101901
3578,705662.648137529
3579,195141.548080305
3580,888518.122576652
3581,451678.635680569
3582,217935.26687337
3583,1119961.16268429
3584,212826.971182331
3585,272517.243771681
3586,467437.973225232
3587,283858.07974078
3588,373912.265619262
3589,218206.981795963
3590,207067.248809212
3591,468063.588997757
3592,533491.32337666
3593,944362.203752762
3594,58851.4214995423
3595,580809.397019679
3596,375856.53829668
3597,785956.043584494
3598,597450.150967825
3599,461407.327570185
3600,402929.948322352
3601,233941.54626041
3602,558404.774009262
3603,542903.160696391
3604,190437.751025804
3605,344553.855043674
3606,219752.157788122
3607,487535.593705827
3608,149888.310057035
3609,1779017.47619445
3610,300982.735807894
3611,243779.947708457
3612,358353.366117176
3613,16619.6640383774
3614,233060.12027978
3615,1371033.06678572
3616,289613.17791537
3617,754595.642099896
3618,604909.090514679
3619,294554.625805222
3620,493979.791802967
3621,1436354.13386113
3622,615903.13761758
3623,273765.135933783
3624,118600.486894058
3625,341854.57157683
3626,239023.084930189
3627,513174.230674738
3628,657498.910890073
3629,571731.458392255
3630,721798.819310059
3631,718707.30100293
3632,45456.2871403699
3633,407280.120160835
3634,473781.973967954
3635,752986.244017272
3636,784786.0060411
3637,187564.417194176
3638,1000570.1430872
3639,510788.5106145
3640,395531.548101394
3641,920822.199316729
3642,506064.125860574
3643,383845.494750703
3644,299631.069799155
3645,472075.105479409
3646,544778.607402334
3647,176907.770812422
3648,451070.865929424
3649,421329.461937129
3650,1412045.74323963
3651,438435.828807197
3652,266717.67337134
3653,480665.079671839
3654,504639.431797984
3655,432516.618317302
3656,641877.473665133
3657,622892.315526992
3658,516733.182178899
3659,1262528.40789243
3660,540970.654174988
3661,70688.2387689599
3662,398902.995564146
3663,473568.988307116
3664,361725.684410453
3665,401972.326394665
3666,925529.60087398
3667,513893.67240391
3668,512075.920685795
3669,528228.961195273
3670,821141.686226645
3671,387808.995278578
3672,319550.110848404
3673,228721.319226491
3674,698429.821532931
3675,323103.105343197
3676,615803.062238575
3677,453998.036052838
3678,110665.74981935
3679,757061.6457835
3680,1941142.63663957
3681,299639.588940392
3682,859831.681247865
3683,704713.674326083
3684,332092.927427536
3685,675122.181334897
3686,333809.818094641
3687,284625.20966143
3688,563350.806993346
3689,551561.52081203
3690,456075.925999083
3691,630604.418511575
3692,817082.316908098
3693,621608.698708417
3694,195473.850953629
3695,724664.301158904
3696,686067.420736446
3697,306048.225773321
3698,509604.856689083
3699,894080.495792834
3700,819900.710543942
3701,1287778.47707506
3702,819497.581938566
3703,562058.154583179
3704,1083317.89882225
3705,269607.310260646
3706,483011.496804218
3707,232103.764966371
3708,261596.733972293
3709,253513.067058853
3710,392916.310032123
3711,400755.134341926
3712,146296.434912211
3713,624009.133226194
3714,149322.373801917
3715,554611.420634867
3716,485773.262839141
3717,481439.411383715
3718,423148.338012234
3719,491586.80005481
3720,480330.877899653
3721,229903.278671889
3722,15858.7708262535
3723,281153.212178815
3724,937496.626253482
3725,261952.679492021
3726,545624.640686881
3727,1092507.20487982
3728,501416.65015592
3729,227574.244643257
3730,1076687.06474351
3731,547610.047376281
3732,846134.78882346
3733,444891.800031092
3734,926010.339283758
3735,633842.204802627
3736,557237.569229682
3737,188855.156131767
3738,339452.236701893
3739,282713.375888865
3740,114962.633787997
3741,413472.229830334
3742,372150.298297316
3743,450120.323200349
3744,461477.490741513
3745,248128.520571389
3746,291045.67102144
3747,329868.057755303
3748,623547.626442726
3749,741618.710314476
3750,356886.235850602
3751,1088678.58764467
3752,173166.213349717
3753,533639.309139125
3754,469452.185410573
3755,568959.744100306
3756,-28937.5091034992
3757,860367.629410202
3758,515647.500613045
3759,906133.151860477
3760,1249938.08906413
3761,510111.039740972
3762,566993.11191802
3763,660425.379318993
3764,488643.539549857
3765,270413.152365838
3766,625424.219077186
3767,872648.850893967
3768,298678.58724512
3769,902453.366843229
3770,457011.680163164
3771,195539.65442404
3772,496406.628187696
3773,347012.778541923
3774,577451.392003211
3775,358849.2930535
3776,266407.374860567
3777,412943.073308806
3778,306313.058086713
3779,386751.387520882
3780,219738.406621991
3781,939154.515236435
3782,491889.581825105
3783,327282.789615259
3784,283843.284519893
3785,2068075.18804906
3786,268557.432943327
3787,2137166.6044754
3788,699941.118301685
3789,1072923.08265251
3790,398910.890248759
3791,331547.116169323
3792,1396981.48239652
3793,708045.609548137
3794,1227786.26292207
3795,787096.579423639
3796,152947.005121464
3797,290741.209486977
3798,232812.568501513
3799,554577.676192111
3800,414072.397613387
3801,185423.008940143
3802,327041.235794761
3803,771570.603604874
3804,1273499.21370976
3805,1024053.37754984
3806,245497.134947581
3807,303446.456409527
3808,432752.836842362
3809,629577.965792064
3810,871813.274394141
3811,432119.593638493
3812,558165.608160618
3813,1289706.66187274
3814,803553.31947129
3815,224440.304172742
3816,298893.960701246
3817,482441.107632357
3818,247736.11385319
3819,463492.80064129
3820,790696.913299327
3821,739009.491743048
3822,647617.79425846
3823,460573.835765363
3824,494916.595846742
3825,103040.028377539
3826,244750.320274881
3827,707369.019755131
3828,471894.26926548
3829,675020.336064225
3830,1436076.70235253
3831,227999.236859003
3832,353383.531531652
3833,995915.768249143
3834,648768.158769664
3835,577973.085877597
3836,649821.551686914
3837,183365.567607875
3838,1270299.63097507
3839,979273.893739394
3840,767867.609290906
3841,407113.466314676
3842,431729.001481847
3843,457135.383742869
3844,202058.571709822
3845,725658.038512634
3846,187309.820148497
3847,272212.862469152
3848,775855.318668579
3849,266970.90482223
3850,1407316.98381456
3851,514205.114316179
3852,265102.858924704
3853,408158.828097089
3854,541633.169526506
3855,659691.840388962
3856,1245454.12489184
3857,424521.510629208
3858,1091552.26135755
3859,491200.939413463
3860,383679.474743262
3861,1467091.02311811
3862,394599.672778701
3863,530266.814849589
3864,496492.494396061
3865,397653.926437897
3866,387888.647696043
3867,288746.793334975
3868,594705.014927345
3869,914872.303199999
3870,931844.472993465
3871,565049.14441312
3872,701330.839898894
3873,1026675.70210177
3874,862163.157146956
3875,819278.379575337
3876,584707.460091269
3877,522172.533368009
3878,257969.196411644
3879,652592.747098056
3880,571122.398995145
3881,280169.090889493
3882,1457761.16273731
3883,390679.839535085
3884,499880.818627353
3885,245563.656706558
3886,1997108.93126102
3887,656488.652618249
3888,434519.295968896
3889,188802.574917544
3890,439039.827229439
3891,423552.190938919
3892,615092.570137659
3893,738406.466980471
3894,510014.517767387
3895,463666.720246217
3896,448436.937943414
3897,644409.203511334
3898,566766.691441524
3899,619781.217522911
3900,599029.31836125
3901,545888.109850393
3902,460362.034509825
3903,969717.121952268
3904,311773.493044063
3905,848560.529374433
3906,753069.236493526
3907,560679.340904048
3908,558842.567413142
3909,891877.780037644
3910,356888.123011953
3911,476960.427975518
3912,318435.681109967
3913,783186.810609295
3914,372371.07867846
3915,500367.809218452
3916,550555.190241748
3917,436275.75108264
3918,435528.801670674
3919,761582.586530427
3920,884060.496456184
3921,486754.829510082
3922,995190.112540606
3923,249075.501803207
3924,806374.430728193
3925,478536.697937707
3926,470244.664741567
3927,411012.723972672
3928,839559.798101862
3929,177985.801380719
3930,580741.591920059
3931,934602.75765703
3932,485452.13730507
3933,437000.503672337
3934,850990.076555396
3935,722203.22123782
3936,490992.995902156
3937,296339.637353093
3938,325571.667175248
3939,524924.828868369
3940,1389722.87820995
3941,1126446.19639
3942,777986.356853478
3943,400312.299309129
3944,602125.732350966
3945,646566.719654173
3946,482064.173301784
3947,1065059.6856245
3948,353686.359096647
3949,650720.063518627
3950,973572.286270472
3951,620134.490028678
3952,521991.039240428
3953,734738.468395172
3954,1259664.48228626
3955,343525.802239492
3956,687254.124841042
3957,1473527.35470422
3958,465279.87567382
3959,532316.271033858
3960,681193.224381505
3961,555474.411735508
3962,575423.806923714
3963,606613.453399901
3964,1306594.13806279
3965,908787.108507217
3966,278309.249053847
3967,556282.966327943
3968,329177.335710904
3969,589383.75299514
3970,479083.31930283
3971,526582.768445589
3972,528034.00954386
3973,634459.763230374
3974,622284.546257113
3975,843931.050262565
3976,193042.921447724
3977,489452.319935256
3978,509000.131020592
3979,982593.146120297
3980,543251.908914477
3981,262731.293128776
3982,1194602.82850036
3983,779330.562181452
3984,626215.464312192
3985,507250.83090717
3986,846684.515723042
3987,500761.647528852
3988,423559.718091383
3989,320785.067429934
3990,986985.386835495
3991,387600.427876683
3992,504410.235049363
3993,877135.609032937
3994,605927.553832861
3995,529796.989206998
3996,368614.949544977
3997,1126167.85234261
3998,768558.540819223
3999,205970.468372322
4000,771311.053720211
4001,296542.453590688
4002,1247528.39894995
4003,698187.279570788
4004,509570.529935474
4005,1077610.8659112
4006,514990.854931355
4007,454347.208688814
4008,266519.166907985
4009,536446.567931617
4010,784908.747185962
4011,514297.198832849
4012,205164.256942248
4013,612677.020473185
4014,820343.820398767
4015,552651.820340528
4016,1073638.12635337
4017,342622.584336239
4018,1327906.18543268
4019,272309.885545673
4020,397040.163456291
4021,408359.242830445
4022,228356.201720616
4023,1857159.19866722
4024,353618.753517833
4025,1150572.97478072
4026,626355.154606775
4027,710379.454399706
4028,411104.306466394
4029,645098.037473745
4030,1127804.89897704
4031,1436090.33057552
4032,534043.119022702
4033,815715.737422524
4034,640566.606960666
4035,488364.624434489
4036,557132.093219427
4037,717204.748721044
4038,653546.599808797
4039,362830.763306245
4040,1324426.65298446
4041,412034.214234815
4042,181966.234237727
4043,394739.760219001
4044,459759.473023289
4045,446530.218461678
4046,420893.255936638
4047,327111.202979445
4048,696624.181634328
4049,127582.373777714
4050,332597.068733538
4051,258609.795115343
4052,762342.568129046
4053,461504.598804542
4054,719189.193613445
4055,439078.655770482
4056,269759.962291033
4057,962858.4086454
4058,440560.045753671
4059,1027523.20393251
4060,189595.853031422
4061,773892.630093839
4062,777107.974994346
4063,569310.665642274
4064,761045.208526767
4065,503770.033325731
4066,490723.650221753
4067,984902.717112488
4068,400026.531271841
4069,597225.362251884
4070,515710.658926215
4071,680132.494574563
4072,433435.510336852
4073,544449.961428365
4074,370423.184697935
4075,350573.877357057
4076,532806.536337421
4077,272400.945105852
4078,200396.071890643
4079,422945.271673123
4080,312044.573912309
4081,326341.139871483
4082,338511.296615903
4083,594539.292674374
4084,522510.717660316
4085,211719.497372835
4086,680353.754480795
4087,453564.651362948
4088,619263.550235672
4089,803986.837190126
4090,288438.84313903
4091,1249273.14252408
4092,853071.480482066
4093,1259374.15823455
4094,1208564.02309532
4095,439266.987428072
4096,289102.214894727
4097,564219.466925402
4098,366694.874333773
4099,505086.824123392
4100,1042887.25077857
4101,551910.07233602
4102,243585.194279052
4103,538479.744574823
4104,389357.130442288
4105,865148.318834423
4106,287323.538603855
4107,1054754.93876352
4108,490403.94747332
4109,282411.917962347
4110,925892.295166529
4111,406962.31298963
4112,431753.658622012
4113,702301.867465847
4114,707980.683889795
4115,298863.191139308
4116,220312.16753366
4117,580206.996962293
4118,474633.16910779
4119,828333.308179613
4120,475198.808110193
4121,349546.949860569
4122,934950.079508224
4123,366825.834449494
4124,293245.697821465
4125,518045.291024635
4126,452136.403385533
4127,343404.798097553
4128,407239.226846687
4129,443759.378515915
4130,956683.887592916
4131,849608.707384699
4132,533788.739474493
4133,587292.087190853
4134,873863.615106638
4135,754143.839502521
4136,440275.598368171
4137,613377.224591641
4138,1364117.64008055
4139,1033237.12672841
4140,1162453.42723136
4141,148451.7950391
4142,758267.717673737
4143,285370.440094928
4144,449686.071229379
4145,579183.556420867
4146,482333.880788172
4147,313664.419613475
4148,653793.454851011
4149,318158.344637791
4150,421352.191189314
4151,423526.946817458
4152,927379.059814921
4153,474255.935691798
4154,929496.923377683
4155,702590.909830701
4156,799887.394042116
4157,538970.102430364
4158,596265.312492189
4159,547704.470710877
4160,450134.073599602
4161,359097.458129159
4162,307153.338040285
4163,751632.670843032
4164,1196957.6493516
4165,390419.79283214
4166,210218.029980808
4167,412791.61686326
4168,556070.948587939
4169,662222.941282205
4170,496632.050317642
4171,456319.774662208
4172,437078.769267634
4173,1431336.79636365
4174,514893.346117879
4175,705885.18523635
4176,375892.773664084
4177,435085.64520532
4178,430336.08323909
4179,471054.190502477
4180,664587.424821554
4181,696617.695804688
4182,372938.775086301
4183,767331.941061436
4184,395706.766989524
4185,474573.728003731
4186,366243.601248501
4187,1706956.6849118
4188,1439876.76252173
4189,396186.532030797
4190,403130.083945917
4191,1609831.15695283
4192,435683.020883191
4193,371040.381432835
4194,415384.89156534
4195,789511.371021197
4196,815228.04659691
4197,542746.799106131
4198,269975.53589484
4199,1065250.1561004
4200,436623.376320206
4201,531124.089053762
4202,485533.846521393
4203,425810.220150358
4204,348837.202054852
4205,926283.798062693
4206,687736.930270759
4207,761180.188218971
4208,748660.169378194
4209,572172.632350444
4210,367962.449812542
4211,1426361.08395833
4212,528171.292751665
4213,1159995.7296825
4214,996172.578343759
4215,397105.955205973
4216,557584.103409094
4217,548248.898568608
4218,349183.046820574
4219,418845.015616501
4220,1528413.76701266
4221,592474.165761688
4222,498310.016774735
4223,480873.279038445
4224,602012.751379697
4225,1132814.69495219
4226,425932.199608762
4227,509142.422817587
4228,479509.614424737
4229,314461.300680587
